imcodingideas,Luettgen,clara@pouromith.io,688.992.5924 x9590,2016-08-24 11:19:32 -0500
Maegan,Ferry,albertha_cruickshank@schuster.com,666.364.1079 x28105,2016-08-24 11:19:32 -0500
Name,Fahey,laisha@gutkowskirunolfsdottir.com,583.567.2470,2016-08-24 11:19:32 -0500
Dalton,Rohan,karen@gislason.net,(928) 616-5924 x99527,2016-08-24 11:19:32 -0500
Corrine,Labadie,rosalinda.bahringer@framigrimes.name,1-380-521-4942,2016-08-24 11:19:32 -0500
Demarcus,Ruecker,daphney.muller@wunsch.com,961-361-9446,2016-08-24 11:19:32 -0500
Kaylee,Hoppe,ramiro_dietrich@douglaslabadie.com,404-507-8619,2016-08-24 11:19:32 -0500
Jolie,Rosenbaum,mack@sanfordreynolds.biz,(134) 254-9911,2016-08-24 11:19:32 -0500
Alexie,Klein,kayli.connelly@schaden.org,(451) 589-9384 x420,2016-08-24 11:19:32 -0500
Watson,Beier,lionel@hackett.net,1-143-779-7512 x28515,2016-08-24 11:19:32 -0500
Cassandre,Gerlach,ken_wiza@boscoauer.com,498-708-2544,2016-08-24 11:19:32 -0500
Isac,Legros,ed@kulaslittle.name,(439) 857-9037,2016-08-24 11:19:32 -0500
Gerry,Harvey,nettie@turcotte.biz,(337) 391-2560 x95184,2016-08-24 11:19:32 -0500
Chase,Towne,ali_spinka@lakin.com,919-451-0023 x30464,2016-08-24 11:19:32 -0500
Emmett,Ledner,nicolette_stokes@lemke.io,1-810-059-3486,2016-08-24 11:19:32 -0500
Lisette,VonRueden,ted.bayer@doylekautzer.com,1-914-988-0296,2016-08-24 11:19:32 -0500
Stephania,Harber,milo@mcculloughskiles.io,291-866-7441 x4503,2016-08-24 11:19:32 -0500
Tina,Goodwin,marilie_mcclure@stoltenberg.net,1-291-234-7879 x58993,2016-08-24 11:19:32 -0500
Robin,Swaniawski,madge@ankunding.org,(464) 269-2487 x195,2016-08-24 11:19:32 -0500
Brandt,Zboncak,wendell.mcdermott@brakus.info,212.574.7812 x32945,2016-08-24 11:19:32 -0500
Sandra,Langworth,cloyd.torphy@beer.org,457.655.2176,2016-08-24 11:19:32 -0500
Rory,Feeney,laverne@wisozk.com,1-799-457-5523 x88912,2016-08-24 11:19:32 -0500
Vickie,Funk,rosalia@schumm.name,172.850.2066 x23821,2016-08-24 11:19:32 -0500
Millie,Streich,boris_strosin@toy.io,(942) 755-8690,2016-08-24 11:19:32 -0500
Alf,Roberts,jayson@oberbrunner.io,(773) 796-1863 x2655,2016-08-24 11:19:32 -0500
Terence,Kutch,nathan@king.net,1-635-946-1767,2016-08-24 11:19:32 -0500
Ruth,Metz,lavonne.metz@bradtke.co,242.593.1998,2016-08-24 11:19:32 -0500
Fae,Hintz,arvid@moriette.co,(654) 604-8295 x40350,2016-08-24 11:19:32 -0500
Rahul,Heidenreich,ima_kshlerin@hamillmclaughlin.info,667.371.6787 x840,2016-08-24 11:19:32 -0500
Ena,Koelpin,jeica_white@wyman.info,1-728-041-9119,2016-08-24 11:19:32 -0500
Cayla,Kirlin,asha_corkery@buckridge.name,1-885-976-6230,2016-08-24 11:19:32 -0500
Paul,Will,abraham.barrows@heaneydamore.com,247-993-9742 x06982,2016-08-24 11:19:32 -0500
Krista,Harvey,fern.hermiston@runolfonchamplin.info,1-656-895-1905,2016-08-24 11:19:32 -0500
Sonya,Parisian,everardo@aufderhar.co,387-974-6971 x488,2016-08-24 11:19:32 -0500
Carissa,Langworth,ebony@heidenreich.net,1-299-231-1662,2016-08-24 11:19:32 -0500
Arthur,Bauch,darwin.monahan@murray.info,518-636-3357,2016-08-24 11:19:32 -0500
Janet,Rath,reinhold@leannon.co,225.669.5957 x455,2016-08-24 11:19:32 -0500
Kamren,Towne,liliane_zemlak@bradtkepacocha.co,515.322.2926,2016-08-24 11:19:32 -0500
Annette,Rolfson,sterling_bogisich@greenholt.info,1-347-949-4450 x095,2016-08-24 11:19:32 -0500
Patricia,Jast,bridgette_lynch@smithwalsh.info,(211) 749-8632,2016-08-24 11:19:32 -0500
Shaylee,Braun,chester_kuhlman@shields.io,379.073.6812,2016-08-24 11:19:32 -0500
Kristy,Steuber,anthony_reinger@renner.com,1-336-500-6870,2016-08-24 11:19:32 -0500
Darren,Howe,jaydon.schuppe@windler.org,754-931-5645 x66365,2016-08-24 11:19:32 -0500
Napoleon,Pollich,ruthie_towne@abshiremaggio.co,694-238-6851,2016-08-24 11:19:32 -0500
Yoshiko,Dietrich,audrey_sauer@kohler.io,306.590.6730,2016-08-24 11:19:32 -0500
Carlie,Lynch,pierre@hudson.co,(268) 225-2207,2016-08-24 11:19:32 -0500
Rupert,McDermott,eva_dibbert@goyette.io,994.143.0136,2016-08-24 11:19:32 -0500
Rashawn,Krajcik,haie_kerluke@trompbecker.net,(187) 088-6094 x0016,2016-08-24 11:19:32 -0500
Dereck,Harvey,aleia.weinat@brekkewaelchi.net,209-253-1407,2016-08-24 11:19:32 -0500
Chad,Collins,reed@hickle.co,278.323.0401 x101,2016-08-24 11:19:32 -0500
Simeon,Mann,kattie_dubuque@cruickshankabernathy.net,569.185.7150 x92408,2016-08-24 11:19:32 -0500
Magdalen,Reichel,erika@moenhuel.org,(489) 637-1200 x8423,2016-08-24 11:19:32 -0500
Claudia,Greenholt,dalton@schroeder.info,1-543-842-1466 x2165,2016-08-24 11:19:32 -0500
Jaren,Bahringer,maynard.okeefe@vonrunolfsdottir.org,617.146.0375,2016-08-24 11:19:32 -0500
Anissa,Grady,dedric_flatley@turner.info,1-518-282-6407,2016-08-24 11:19:32 -0500
Junius,Parisian,lydia_wilkinson@beahan.io,(115) 487-4832 x6070,2016-08-24 11:19:32 -0500
Magdalen,Casper,milo@emardschmidt.org,642.130.9004 x99050,2016-08-24 11:19:32 -0500
Wilhelmine,Mohr,laney@reinger.name,(254) 349-6877 x6035,2016-08-24 11:19:32 -0500
Johann,Mayer,lyda@powlowski.com,727-791-0165,2016-08-24 11:19:32 -0500
Lillian,Romaguera,lourdes_leffler@huels.biz,1-514-669-8634 x88020,2016-08-24 11:19:32 -0500
Sabina,Larson,francisca@olson.co,781-599-2378,2016-08-24 11:19:32 -0500
Orval,Reilly,helga_kris@west.name,1-952-124-6329 x854,2016-08-24 11:19:32 -0500
Josephine,Fritsch,alanis@goyette.net,470.758.5262,2016-08-24 11:19:32 -0500
Emmet,Howell,natasha@larkin.com,(630) 894-7480,2016-08-24 11:19:32 -0500
Consuelo,Harber,geovany@wuckert.io,(690) 096-2234 x11582,2016-08-24 11:19:32 -0500
Susan,Dietrich,tracey@oconnerjenkins.net,284-508-0956 x64247,2016-08-24 11:19:32 -0500
Pierce,Dach,columbus_bergnaum@wuckertmueller.com,(844) 580-8701 x52925,2016-08-24 11:19:32 -0500
Margie,Larkin,mariela@cronin.org,972-619-6278,2016-08-24 11:19:32 -0500
Lenna,Homenick,royce@kunde.name,1-851-345-3419 x555,2016-08-24 11:19:32 -0500
Rudolph,Schmitt,efren@kuphal.biz,1-981-035-5279 x001,2016-08-24 11:19:32 -0500
Uriah,Murphy,bernardo.lynch@mckenzie.co,812-745-6203,2016-08-24 11:19:32 -0500
Janelle,Cronin,destiny_thiel@armstrong.name,785.361.9972 x75588,2016-08-24 11:19:32 -0500
Annetta,Block,laron_muller@stiedemannmaggio.info,(751) 550-0280 x430,2016-08-24 11:19:32 -0500
Esteban,Carter,cornell@bergeschumm.net,630-755-5149,2016-08-24 11:19:32 -0500
Deontae,Borer,nettie_schinner@rutherford.name,144-047-7717 x7311,2016-08-24 11:19:32 -0500
Katharina,Nikolaus,beau_keeling@bogisich.co,330-275-5964,2016-08-24 11:19:32 -0500
Jerome,Prohaska,eileen.moriette@kilback.biz,915.774.6303 x57375,2016-08-24 11:19:32 -0500
Jazmyne,Runte,marcelina.grady@nader.name,602.752.3690,2016-08-24 11:19:32 -0500
Turner,Abbott,brayan_veum@okunevakub.net,652.314.4041,2016-08-24 11:19:32 -0500
Frieda,Hermiston,adrien@reingerfeest.com,849-103-8721,2016-08-24 11:19:32 -0500
Jean,Runolfsson,chester_mcglynn@will.net,321.139.1355 x345,2016-08-24 11:19:32 -0500
Marley,Berge,jarred@corkery.co,545-294-8079 x5899,2016-08-24 11:19:32 -0500
Alexandria,Schinner,dock.pfannerstill@herzog.org,101.404.1915,2016-08-24 11:19:32 -0500
Asha,Pfannerstill,aleandro@bednar.com,1-336-836-1265 x851,2016-08-24 11:19:32 -0500
Jordi,MacGyver,jerrold@ullrich.com,(445) 753-4313,2016-08-24 11:19:32 -0500
Hilton,Kovacek,diamond@rowelang.info,312.964.5043 x671,2016-08-24 11:19:32 -0500
Bart,Wiegand,darrell@langworth.biz,1-104-027-2916,2016-08-24 11:19:32 -0500
Bertram,Botsford,abigale_marvin@moore.com,1-971-038-1064 x99147,2016-08-24 11:19:32 -0500
Mandy,Murray,bailey@schuppe.biz,1-413-765-6448 x411,2016-08-24 11:19:32 -0500
Abelardo,Turner,sherman@gleason.co,480.384.3368,2016-08-24 11:19:32 -0500
Barrett,Barton,ignacio.denesik@smithankunding.com,(467) 856-8069,2016-08-24 11:19:32 -0500
Barney,Adams,celine_kuhic@howellmoore.net,959.705.5289,2016-08-24 11:19:32 -0500
Anderson,Auer,frank@little.com,923-308-7978 x915,2016-08-24 11:19:32 -0500
Christophe,Aufderhar,branson.prosacco@carter.biz,1-920-700-6576 x839,2016-08-24 11:19:32 -0500
Nicola,Cruickshank,alexandra@fritschkiehn.co,(706) 339-5494 x5796,2016-08-24 11:19:32 -0500
Annette,Wyman,antone.dietrich@kovacek.com,(290) 394-7179 x130,2016-08-24 11:19:32 -0500
Grant,Rosenbaum,antonio@doyle.com,(620) 197-7079 x708,2016-08-24 11:19:32 -0500
Cade,Hermann,lazaro_okuneva@hills.info,1-882-995-1097 x18608,2016-08-24 11:19:32 -0500
Maida,Ledner,willy@wisoky.io,109-442-5039 x34413,2016-08-24 11:19:32 -0500
Dell,Harris,carli@parisian.net,1-272-273-4642,2016-08-24 11:19:32 -0500
Stephen,Carter,edyth_weimann@kleingaylord.info,(164) 204-5938,2016-08-24 11:19:32 -0500
Tito,Smith,jeramie@ondrickarau.name,(271) 248-5061,2016-08-24 11:19:32 -0500
Lily,Denesik,josianne_sipes@wizaschuppe.org,(806) 774-1016 x9390,2016-08-24 11:19:32 -0500
Chanel,Kassulke,tony_mante@bechtelarmosciski.name,1-781-207-0078,2016-08-24 11:19:32 -0500
Josefina,Bergnaum,asia.swift@dickenchuppe.info,624-955-4000 x65990,2016-08-24 11:19:32 -0500
Omari,Rogahn,marcos@sawayn.org,(785) 700-4521 x20560,2016-08-24 11:19:32 -0500
Alisa,Feeney,chyna_mccullough@jakubowski.org,580.869.9862 x286,2016-08-24 11:19:32 -0500
Erica,Hamill,jamaal_batz@carter.name,242-180-4729 x72922,2016-08-24 11:19:32 -0500
Pasquale,Cormier,gerardo.graham@batz.co,1-276-245-6981 x39786,2016-08-24 11:19:32 -0500
Karen,Boyle,hildegard.hintz@creminwhite.org,319-302-3064 x6150,2016-08-24 11:19:32 -0500
Nyasia,Ruecker,nikki@damore.name,(144) 210-9270 x9198,2016-08-24 11:19:32 -0500
Kailyn,Keebler,mittie@tremblay.co,614-556-8812 x442,2016-08-24 11:19:32 -0500
Emmett,Bosco,rhianna.dach@gleichnerrenner.biz,315-283-6629 x118,2016-08-24 11:19:32 -0500
Graham,Reichel,lorenza_quitzon@johnston.info,1-936-152-3498,2016-08-24 11:19:32 -0500
Gerson,Huels,marshall_schowalter@kuphal.org,451-529-7332 x815,2016-08-24 11:19:32 -0500
Phoebe,Vandervort,maxwell.olson@millsbatz.org,1-445-243-7763,2016-08-24 11:19:32 -0500
Yazmin,Schuster,royal.stamm@herman.name,1-480-848-9661 x47938,2016-08-24 11:19:32 -0500
Kara,Hartmann,blanche_mccullough@nitzschemoore.co,590.895.7791 x0223,2016-08-24 11:19:32 -0500
Lemuel,Eichmann,jasper.medhurst@goldnerquitzon.io,693-505-9539,2016-08-24 11:19:32 -0500
Ernie,Kilback,haie@prosaccokulas.biz,520.242.5676 x626,2016-08-24 11:19:32 -0500
Shane,Hirthe,florida.murazik@emmerichokeefe.name,106-859-0873,2016-08-24 11:19:32 -0500
Nelson,Harber,abdullah.lynch@kunze.org,619.950.0236 x399,2016-08-24 11:19:32 -0500
Raphael,Ferry,cullen.swaniawski@gorczany.org,190-041-4050 x09485,2016-08-24 11:19:32 -0500
Santiago,Ruecker,rozella_larkin@koepp.org,(992) 002-6929 x768,2016-08-24 11:19:32 -0500
Rae,Sawayn,muhammad.ledner@effertz.com,1-724-550-9606,2016-08-24 11:19:32 -0500
Dakota,Grant,raymundo@sengerkihn.net,976.367.7976,2016-08-24 11:19:32 -0500
Colton,Koss,lila@kshlerin.biz,1-526-325-8388 x590,2016-08-24 11:19:32 -0500
Maud,Rempel,vernon.bode@parisiancummerata.com,(406) 524-0872 x39174,2016-08-24 11:19:32 -0500
Maddison,Bahringer,hiram@boganhauck.biz,(123) 556-5648 x158,2016-08-24 11:19:32 -0500
Aron,Hirthe,amya.nikolaus@stoltenbergkoch.io,1-839-135-0368 x282,2016-08-24 11:19:32 -0500
Daniella,Schaefer,skye@grimes.io,410-934-7928,2016-08-24 11:19:32 -0500
Vincenza,Reichel,alejandra@hoppe.info,1-143-964-8854 x639,2016-08-24 11:19:32 -0500
Josue,Lebsack,kaylie.hagenes@abbott.io,264-993-3285 x42234,2016-08-24 11:19:32 -0500
Lazaro,Howe,caidy.bernhard@bosco.com,1-120-987-4945 x4743,2016-08-24 11:19:32 -0500
Darien,Walter,pink_lang@klockobruen.biz,685-920-9588 x2147,2016-08-24 11:19:32 -0500
Daryl,Labadie,kieran_hane@damore.info,691.426.4156,2016-08-24 11:19:32 -0500
Santiago,Steuber,rowan@leschhansen.name,(109) 626-6620 x06847,2016-08-24 11:19:32 -0500
Orval,Bosco,bridie@paucektillman.com,(145) 397-4788,2016-08-24 11:19:32 -0500
Braxton,Steuber,hans@murray.co,283-018-4485 x369,2016-08-24 11:19:32 -0500
Maryam,Kovacek,rocio@mcclure.biz,996.254.7302,2016-08-24 11:19:32 -0500
Shanny,Hodkiewicz,mose@schmeler.co,(301) 597-3030 x869,2016-08-24 11:19:32 -0500
Cecelia,Bergstrom,makenzie.howe@homenickklein.io,(245) 946-8191 x3804,2016-08-24 11:19:32 -0500
Addison,Becker,damian@hintz.name,473-926-9526 x466,2016-08-24 11:19:32 -0500
Silas,Mitchell,sofia@swift.name,508.234.1181 x697,2016-08-24 11:19:32 -0500
Vergie,Dicki,alyce.kunde@johnston.co,311.351.5218 x00219,2016-08-24 11:19:32 -0500
Freeman,Carter,enos@wolf.com,783.771.3763 x842,2016-08-24 11:19:32 -0500
Alessandra,Jacobson,elouise_carter@goldner.biz,1-904-814-1285 x065,2016-08-24 11:19:32 -0500
Rosemarie,Carroll,nico@ohara.com,291-933-2543,2016-08-24 11:19:32 -0500
Mitchell,Haley,gregorio_gislason@boehm.co,1-489-642-9055 x606,2016-08-24 11:19:32 -0500
Kailyn,Hane,sarina@altenwerth.biz,(953) 469-3051 x3138,2016-08-24 11:19:32 -0500
Adriel,White,nyasia@greenfelder.io,488-282-8422,2016-08-24 11:19:32 -0500
Brandon,Senger,paris@rohan.net,(711) 188-9607 x5553,2016-08-24 11:19:32 -0500
Amalia,Zboncak,dejon@wilkinsonhammes.org,846.256.2877 x03276,2016-08-24 11:19:32 -0500
Caesar,Thiel,johnathan_schroeder@wiegand.io,1-755-302-2567,2016-08-24 11:19:32 -0500
Mallory,Bechtelar,brendan.roob@ankunding.info,256-582-4395 x1417,2016-08-24 11:19:32 -0500
Zion,Torphy,isidro.stehr@wilderman.io,1-514-373-5977 x9146,2016-08-24 11:19:32 -0500
Desiree,Mosciski,dereck@hagenetark.info,671-290-9984 x5358,2016-08-24 11:19:32 -0500
Evan,Lubowitz,angela@swift.net,(181) 435-8433,2016-08-24 11:19:32 -0500
Lyda,Spinka,lesly@lind.name,237.585.5708,2016-08-24 11:19:32 -0500
Nathen,Klocko,amiya@borer.co,988-376-1546,2016-08-24 11:19:32 -0500
Tevin,Abernathy,saige@bechtelar.info,(820) 072-7821 x1859,2016-08-24 11:19:32 -0500
Glen,Marks,noemy@champlinkshlerin.net,(826) 086-8620,2016-08-24 11:19:32 -0500
Carmella,Gislason,leie@corkery.net,(436) 636-0925,2016-08-24 11:19:32 -0500
Angelica,D'Amore,stacy_wiza@baileyweinat.org,1-835-377-5409 x4384,2016-08-24 11:19:32 -0500
Althea,McLaughlin,fabiola@fadelkrajcik.com,474.356.1741 x1726,2016-08-24 11:19:32 -0500
Simeon,O'Hara,ulices@kunde.io,819-891-4019,2016-08-24 11:19:32 -0500
Hettie,Purdy,gilberto@bednar.org,713-654-6585,2016-08-24 11:19:32 -0500
Brain,Schmeler,joana@sipes.io,(718) 817-0754,2016-08-24 11:19:32 -0500
Devyn,Schneider,nichole.white@jacobikilback.net,452-572-4298,2016-08-24 11:19:32 -0500
Augustus,Greenholt,esperanza.mcglynn@reynolds.info,799.533.2254 x76931,2016-08-24 11:19:32 -0500
Alexandre,Fay,abel@fisherkrajcik.io,1-605-453-0980 x64853,2016-08-24 11:19:32 -0500
Pierce,Hills,mina@tillman.io,1-365-946-2898,2016-08-24 11:19:32 -0500
Christina,Rolfson,wilton@abbott.org,680-772-6947 x6025,2016-08-24 11:19:32 -0500
Mavis,Effertz,jaleel.welch@dibbertblanda.io,424.743.4076 x443,2016-08-24 11:19:32 -0500
Margie,Roob,giovanni@blandastreich.com,1-414-817-1167 x370,2016-08-24 11:19:32 -0500
Maximus,Bogisich,betty_hane@lesch.info,(309) 315-7564,2016-08-24 11:19:32 -0500
Margarette,Wilderman,fabian@heidenreich.name,607.192.2215 x4053,2016-08-24 11:19:32 -0500
Lyda,Hegmann,emie_mcdermott@zboncak.co,307-497-5475 x74147,2016-08-24 11:19:32 -0500
Clair,Gusikowski,frida_jaskolski@hamillweimann.info,190-497-8738 x30794,2016-08-24 11:19:32 -0500
Garnett,Harber,fernando@gerholdkling.io,1-733-650-6940,2016-08-24 11:19:32 -0500
Jadyn,Hermann,felix@abshirelowe.info,639.791.0160,2016-08-24 11:19:32 -0500
Terence,Cremin,delbert@turcotte.io,970.210.8704 x4053,2016-08-24 11:19:32 -0500
Doyle,Schowalter,bernadine@johnsturner.io,(536) 801-3716 x176,2016-08-24 11:19:32 -0500
Frances,Hegmann,bruce@white.io,192.680.9619 x862,2016-08-24 11:19:32 -0500
Joelle,Doyle,abigale_hickle@casperkreiger.org,1-504-696-1547 x205,2016-08-24 11:19:32 -0500
Sedrick,Schuppe,christa@spencer.net,1-551-247-6195,2016-08-24 11:19:32 -0500
Alan,Torp,providenci_oreilly@kirlin.name,(294) 410-8101,2016-08-24 11:19:32 -0500
Timmothy,Homenick,johnathon@jacobs.io,844.649.0589,2016-08-24 11:19:32 -0500
Marshall,Balistreri,guiseppe@lakindouglas.name,(662) 130-7360,2016-08-24 11:19:32 -0500
Antonina,Rosenbaum,jarred@bergnaum.org,258.480.7886,2016-08-24 11:19:32 -0500
Pearl,Jacobson,jane@tremblay.org,1-264-889-9032 x394,2016-08-24 11:19:32 -0500
Everette,Legros,glenda_quitzon@bins.name,619-794-7977 x991,2016-08-24 11:19:32 -0500
Casper,Luettgen,beie_kunde@heathcote.net,1-402-266-9679 x06456,2016-08-24 11:19:32 -0500
Mathias,Lubowitz,arianna@wisozk.co,1-139-345-7231,2016-08-24 11:19:32 -0500
Summer,Gutkowski,otho_prosacco@murray.org,1-403-570-9460,2016-08-24 11:19:32 -0500
Isom,Leffler,damian.beer@schmidt.net,663-676-4246 x5925,2016-08-24 11:19:32 -0500
Savanna,Bechtelar,mark.macejkovic@dickenspowlowski.com,336.564.1149,2016-08-24 11:19:32 -0500
Mohammed,Vandervort,alicia@lockman.co,889.276.5766,2016-08-24 11:19:32 -0500
Garfield,Bogan,tiffany_jones@blandakreiger.biz,260.539.4194 x6986,2016-08-24 11:19:32 -0500
Grayson,Rempel,guadalupe@reingerritchie.biz,(507) 345-5907 x44183,2016-08-24 11:19:32 -0500
Agustina,Luettgen,clara@pouromith.io,688.992.5924 x9590,2016-08-24 11:19:32 -0500
Maegan,Ferry,albertha_cruickshank@schuster.com,666.364.1079 x28105,2016-08-24 11:19:32 -0500
Name,Fahey,laisha@gutkowskirunolfsdottir.com,583.567.2470,2016-08-24 11:19:32 -0500
Dalton,Rohan,karen@gislason.net,(928) 616-5924 x99527,2016-08-24 11:19:32 -0500
Corrine,Labadie,rosalinda.bahringer@framigrimes.name,1-380-521-4942,2016-08-24 11:19:32 -0500
Demarcus,Ruecker,daphney.muller@wunsch.com,961-361-9446,2016-08-24 11:19:32 -0500
Kaylee,Hoppe,ramiro_dietrich@douglaslabadie.com,404-507-8619,2016-08-24 11:19:32 -0500
Jolie,Rosenbaum,mack@sanfordreynolds.biz,(134) 254-9911,2016-08-24 11:19:32 -0500
Alexie,Klein,kayli.connelly@schaden.org,(451) 589-9384 x420,2016-08-24 11:19:32 -0500
Watson,Beier,lionel@hackett.net,1-143-779-7512 x28515,2016-08-24 11:19:32 -0500
Cassandre,Gerlach,ken_wiza@boscoauer.com,498-708-2544,2016-08-24 11:19:32 -0500
Isac,Legros,ed@kulaslittle.name,(439) 857-9037,2016-08-24 11:19:32 -0500
Gerry,Harvey,nettie@turcotte.biz,(337) 391-2560 x95184,2016-08-24 11:19:32 -0500
Chase,Towne,ali_spinka@lakin.com,919-451-0023 x30464,2016-08-24 11:19:32 -0500
Emmett,Ledner,nicolette_stokes@lemke.io,1-810-059-3486,2016-08-24 11:19:32 -0500
Lisette,VonRueden,ted.bayer@doylekautzer.com,1-914-988-0296,2016-08-24 11:19:32 -0500
Stephania,Harber,milo@mcculloughskiles.io,291-866-7441 x4503,2016-08-24 11:19:32 -0500
Tina,Goodwin,marilie_mcclure@stoltenberg.net,1-291-234-7879 x58993,2016-08-24 11:19:32 -0500
Robin,Swaniawski,madge@ankunding.org,(464) 269-2487 x195,2016-08-24 11:19:32 -0500
Brandt,Zboncak,wendell.mcdermott@brakus.info,212.574.7812 x32945,2016-08-24 11:19:32 -0500
Sandra,Langworth,cloyd.torphy@beer.org,457.655.2176,2016-08-24 11:19:32 -0500
Rory,Feeney,laverne@wisozk.com,1-799-457-5523 x88912,2016-08-24 11:19:32 -0500
Vickie,Funk,rosalia@schumm.name,172.850.2066 x23821,2016-08-24 11:19:32 -0500
Millie,Streich,boris_strosin@toy.io,(942) 755-8690,2016-08-24 11:19:32 -0500
Alf,Roberts,jayson@oberbrunner.io,(773) 796-1863 x2655,2016-08-24 11:19:32 -0500
Terence,Kutch,nathan@king.net,1-635-946-1767,2016-08-24 11:19:32 -0500
Ruth,Metz,lavonne.metz@bradtke.co,242.593.1998,2016-08-24 11:19:32 -0500
Fae,Hintz,arvid@moriette.co,(654) 604-8295 x40350,2016-08-24 11:19:32 -0500
Rahul,Heidenreich,ima_kshlerin@hamillmclaughlin.info,667.371.6787 x840,2016-08-24 11:19:32 -0500
Ena,Koelpin,jeica_white@wyman.info,1-728-041-9119,2016-08-24 11:19:32 -0500
Cayla,Kirlin,asha_corkery@buckridge.name,1-885-976-6230,2016-08-24 11:19:32 -0500
Paul,Will,abraham.barrows@heaneydamore.com,247-993-9742 x06982,2016-08-24 11:19:32 -0500
Krista,Harvey,fern.hermiston@runolfonchamplin.info,1-656-895-1905,2016-08-24 11:19:32 -0500
Sonya,Parisian,everardo@aufderhar.co,387-974-6971 x488,2016-08-24 11:19:32 -0500
Carissa,Langworth,ebony@heidenreich.net,1-299-231-1662,2016-08-24 11:19:32 -0500
Arthur,Bauch,darwin.monahan@murray.info,518-636-3357,2016-08-24 11:19:32 -0500
Janet,Rath,reinhold@leannon.co,225.669.5957 x455,2016-08-24 11:19:32 -0500
Kamren,Towne,liliane_zemlak@bradtkepacocha.co,515.322.2926,2016-08-24 11:19:32 -0500
Annette,Rolfson,sterling_bogisich@greenholt.info,1-347-949-4450 x095,2016-08-24 11:19:32 -0500
Patricia,Jast,bridgette_lynch@smithwalsh.info,(211) 749-8632,2016-08-24 11:19:32 -0500
Shaylee,Braun,chester_kuhlman@shields.io,379.073.6812,2016-08-24 11:19:32 -0500
Kristy,Steuber,anthony_reinger@renner.com,1-336-500-6870,2016-08-24 11:19:32 -0500
Darren,Howe,jaydon.schuppe@windler.org,754-931-5645 x66365,2016-08-24 11:19:32 -0500
Napoleon,Pollich,ruthie_towne@abshiremaggio.co,694-238-6851,2016-08-24 11:19:32 -0500
Yoshiko,Dietrich,audrey_sauer@kohler.io,306.590.6730,2016-08-24 11:19:32 -0500
Carlie,Lynch,pierre@hudson.co,(268) 225-2207,2016-08-24 11:19:32 -0500
Rupert,McDermott,eva_dibbert@goyette.io,994.143.0136,2016-08-24 11:19:32 -0500
Rashawn,Krajcik,haie_kerluke@trompbecker.net,(187) 088-6094 x0016,2016-08-24 11:19:32 -0500
Dereck,Harvey,aleia.weinat@brekkewaelchi.net,209-253-1407,2016-08-24 11:19:32 -0500
Chad,Collins,reed@hickle.co,278.323.0401 x101,2016-08-24 11:19:32 -0500
Simeon,Mann,kattie_dubuque@cruickshankabernathy.net,569.185.7150 x92408,2016-08-24 11:19:32 -0500
Magdalen,Reichel,erika@moenhuel.org,(489) 637-1200 x8423,2016-08-24 11:19:32 -0500
Claudia,Greenholt,dalton@schroeder.info,1-543-842-1466 x2165,2016-08-24 11:19:32 -0500
Jaren,Bahringer,maynard.okeefe@vonrunolfsdottir.org,617.146.0375,2016-08-24 11:19:32 -0500
Anissa,Grady,dedric_flatley@turner.info,1-518-282-6407,2016-08-24 11:19:32 -0500
Junius,Parisian,lydia_wilkinson@beahan.io,(115) 487-4832 x6070,2016-08-24 11:19:32 -0500
Magdalen,Casper,milo@emardschmidt.org,642.130.9004 x99050,2016-08-24 11:19:32 -0500
Wilhelmine,Mohr,laney@reinger.name,(254) 349-6877 x6035,2016-08-24 11:19:32 -0500
Johann,Mayer,lyda@powlowski.com,727-791-0165,2016-08-24 11:19:32 -0500
Lillian,Romaguera,lourdes_leffler@huels.biz,1-514-669-8634 x88020,2016-08-24 11:19:32 -0500
Sabina,Larson,francisca@olson.co,781-599-2378,2016-08-24 11:19:32 -0500
Orval,Reilly,helga_kris@west.name,1-952-124-6329 x854,2016-08-24 11:19:32 -0500
Josephine,Fritsch,alanis@goyette.net,470.758.5262,2016-08-24 11:19:32 -0500
Emmet,Howell,natasha@larkin.com,(630) 894-7480,2016-08-24 11:19:32 -0500
Consuelo,Harber,geovany@wuckert.io,(690) 096-2234 x11582,2016-08-24 11:19:32 -0500
Susan,Dietrich,tracey@oconnerjenkins.net,284-508-0956 x64247,2016-08-24 11:19:32 -0500
Pierce,Dach,columbus_bergnaum@wuckertmueller.com,(844) 580-8701 x52925,2016-08-24 11:19:32 -0500
Margie,Larkin,mariela@cronin.org,972-619-6278,2016-08-24 11:19:32 -0500
Lenna,Homenick,royce@kunde.name,1-851-345-3419 x555,2016-08-24 11:19:32 -0500
Rudolph,Schmitt,efren@kuphal.biz,1-981-035-5279 x001,2016-08-24 11:19:32 -0500
Uriah,Murphy,bernardo.lynch@mckenzie.co,812-745-6203,2016-08-24 11:19:32 -0500
Janelle,Cronin,destiny_thiel@armstrong.name,785.361.9972 x75588,2016-08-24 11:19:32 -0500
Annetta,Block,laron_muller@stiedemannmaggio.info,(751) 550-0280 x430,2016-08-24 11:19:32 -0500
Esteban,Carter,cornell@bergeschumm.net,630-755-5149,2016-08-24 11:19:32 -0500
Deontae,Borer,nettie_schinner@rutherford.name,144-047-7717 x7311,2016-08-24 11:19:32 -0500
Katharina,Nikolaus,beau_keeling@bogisich.co,330-275-5964,2016-08-24 11:19:32 -0500
Jerome,Prohaska,eileen.moriette@kilback.biz,915.774.6303 x57375,2016-08-24 11:19:32 -0500
Jazmyne,Runte,marcelina.grady@nader.name,602.752.3690,2016-08-24 11:19:32 -0500
Turner,Abbott,brayan_veum@okunevakub.net,652.314.4041,2016-08-24 11:19:32 -0500
Frieda,Hermiston,adrien@reingerfeest.com,849-103-8721,2016-08-24 11:19:32 -0500
Jean,Runolfsson,chester_mcglynn@will.net,321.139.1355 x345,2016-08-24 11:19:32 -0500
Marley,Berge,jarred@corkery.co,545-294-8079 x5899,2016-08-24 11:19:32 -0500
Alexandria,Schinner,dock.pfannerstill@herzog.org,101.404.1915,2016-08-24 11:19:32 -0500
Asha,Pfannerstill,aleandro@bednar.com,1-336-836-1265 x851,2016-08-24 11:19:32 -0500
Jordi,MacGyver,jerrold@ullrich.com,(445) 753-4313,2016-08-24 11:19:32 -0500
Hilton,Kovacek,diamond@rowelang.info,312.964.5043 x671,2016-08-24 11:19:32 -0500
Bart,Wiegand,darrell@langworth.biz,1-104-027-2916,2016-08-24 11:19:32 -0500
Bertram,Botsford,abigale_marvin@moore.com,1-971-038-1064 x99147,2016-08-24 11:19:32 -0500
Mandy,Murray,bailey@schuppe.biz,1-413-765-6448 x411,2016-08-24 11:19:32 -0500
Abelardo,Turner,sherman@gleason.co,480.384.3368,2016-08-24 11:19:32 -0500
Barrett,Barton,ignacio.denesik@smithankunding.com,(467) 856-8069,2016-08-24 11:19:32 -0500
Barney,Adams,celine_kuhic@howellmoore.net,959.705.5289,2016-08-24 11:19:32 -0500
Anderson,Auer,frank@little.com,923-308-7978 x915,2016-08-24 11:19:32 -0500
Christophe,Aufderhar,branson.prosacco@carter.biz,1-920-700-6576 x839,2016-08-24 11:19:32 -0500
Nicola,Cruickshank,alexandra@fritschkiehn.co,(706) 339-5494 x5796,2016-08-24 11:19:32 -0500
Annette,Wyman,antone.dietrich@kovacek.com,(290) 394-7179 x130,2016-08-24 11:19:32 -0500
Grant,Rosenbaum,antonio@doyle.com,(620) 197-7079 x708,2016-08-24 11:19:32 -0500
Cade,Hermann,lazaro_okuneva@hills.info,1-882-995-1097 x18608,2016-08-24 11:19:32 -0500
Maida,Ledner,willy@wisoky.io,109-442-5039 x34413,2016-08-24 11:19:32 -0500
Dell,Harris,carli@parisian.net,1-272-273-4642,2016-08-24 11:19:32 -0500
Stephen,Carter,edyth_weimann@kleingaylord.info,(164) 204-5938,2016-08-24 11:19:32 -0500
Tito,Smith,jeramie@ondrickarau.name,(271) 248-5061,2016-08-24 11:19:32 -0500
Lily,Denesik,josianne_sipes@wizaschuppe.org,(806) 774-1016 x9390,2016-08-24 11:19:32 -0500
Chanel,Kassulke,tony_mante@bechtelarmosciski.name,1-781-207-0078,2016-08-24 11:19:32 -0500
Josefina,Bergnaum,asia.swift@dickenchuppe.info,624-955-4000 x65990,2016-08-24 11:19:32 -0500
Omari,Rogahn,marcos@sawayn.org,(785) 700-4521 x20560,2016-08-24 11:19:32 -0500
Alisa,Feeney,chyna_mccullough@jakubowski.org,580.869.9862 x286,2016-08-24 11:19:32 -0500
Erica,Hamill,jamaal_batz@carter.name,242-180-4729 x72922,2016-08-24 11:19:32 -0500
Pasquale,Cormier,gerardo.graham@batz.co,1-276-245-6981 x39786,2016-08-24 11:19:32 -0500
Karen,Boyle,hildegard.hintz@creminwhite.org,319-302-3064 x6150,2016-08-24 11:19:32 -0500
Nyasia,Ruecker,nikki@damore.name,(144) 210-9270 x9198,2016-08-24 11:19:32 -0500
Kailyn,Keebler,mittie@tremblay.co,614-556-8812 x442,2016-08-24 11:19:32 -0500
Emmett,Bosco,rhianna.dach@gleichnerrenner.biz,315-283-6629 x118,2016-08-24 11:19:32 -0500
Graham,Reichel,lorenza_quitzon@johnston.info,1-936-152-3498,2016-08-24 11:19:32 -0500
Gerson,Huels,marshall_schowalter@kuphal.org,451-529-7332 x815,2016-08-24 11:19:32 -0500
Phoebe,Vandervort,maxwell.olson@millsbatz.org,1-445-243-7763,2016-08-24 11:19:32 -0500
Yazmin,Schuster,royal.stamm@herman.name,1-480-848-9661 x47938,2016-08-24 11:19:32 -0500
Kara,Hartmann,blanche_mccullough@nitzschemoore.co,590.895.7791 x0223,2016-08-24 11:19:32 -0500
Lemuel,Eichmann,jasper.medhurst@goldnerquitzon.io,693-505-9539,2016-08-24 11:19:32 -0500
Ernie,Kilback,haie@prosaccokulas.biz,520.242.5676 x626,2016-08-24 11:19:32 -0500
Shane,Hirthe,florida.murazik@emmerichokeefe.name,106-859-0873,2016-08-24 11:19:32 -0500
Nelson,Harber,abdullah.lynch@kunze.org,619.950.0236 x399,2016-08-24 11:19:32 -0500
Raphael,Ferry,cullen.swaniawski@gorczany.org,190-041-4050 x09485,2016-08-24 11:19:32 -0500
Santiago,Ruecker,rozella_larkin@koepp.org,(992) 002-6929 x768,2016-08-24 11:19:32 -0500
Rae,Sawayn,muhammad.ledner@effertz.com,1-724-550-9606,2016-08-24 11:19:32 -0500
Dakota,Grant,raymundo@sengerkihn.net,976.367.7976,2016-08-24 11:19:32 -0500
Colton,Koss,lila@kshlerin.biz,1-526-325-8388 x590,2016-08-24 11:19:32 -0500
Maud,Rempel,vernon.bode@parisiancummerata.com,(406) 524-0872 x39174,2016-08-24 11:19:32 -0500
Maddison,Bahringer,hiram@boganhauck.biz,(123) 556-5648 x158,2016-08-24 11:19:32 -0500
Aron,Hirthe,amya.nikolaus@stoltenbergkoch.io,1-839-135-0368 x282,2016-08-24 11:19:32 -0500
Daniella,Schaefer,skye@grimes.io,410-934-7928,2016-08-24 11:19:32 -0500
Vincenza,Reichel,alejandra@hoppe.info,1-143-964-8854 x639,2016-08-24 11:19:32 -0500
Josue,Lebsack,kaylie.hagenes@abbott.io,264-993-3285 x42234,2016-08-24 11:19:32 -0500
Lazaro,Howe,caidy.bernhard@bosco.com,1-120-987-4945 x4743,2016-08-24 11:19:32 -0500
Darien,Walter,pink_lang@klockobruen.biz,685-920-9588 x2147,2016-08-24 11:19:32 -0500
Daryl,Labadie,kieran_hane@damore.info,691.426.4156,2016-08-24 11:19:32 -0500
Santiago,Steuber,rowan@leschhansen.name,(109) 626-6620 x06847,2016-08-24 11:19:32 -0500
Orval,Bosco,bridie@paucektillman.com,(145) 397-4788,2016-08-24 11:19:32 -0500
Braxton,Steuber,hans@murray.co,283-018-4485 x369,2016-08-24 11:19:32 -0500
Maryam,Kovacek,rocio@mcclure.biz,996.254.7302,2016-08-24 11:19:32 -0500
Shanny,Hodkiewicz,mose@schmeler.co,(301) 597-3030 x869,2016-08-24 11:19:32 -0500
Cecelia,Bergstrom,makenzie.howe@homenickklein.io,(245) 946-8191 x3804,2016-08-24 11:19:32 -0500
Addison,Becker,damian@hintz.name,473-926-9526 x466,2016-08-24 11:19:32 -0500
Silas,Mitchell,sofia@swift.name,508.234.1181 x697,2016-08-24 11:19:32 -0500
Vergie,Dicki,alyce.kunde@johnston.co,311.351.5218 x00219,2016-08-24 11:19:32 -0500
Freeman,Carter,enos@wolf.com,783.771.3763 x842,2016-08-24 11:19:32 -0500
Alessandra,Jacobson,elouise_carter@goldner.biz,1-904-814-1285 x065,2016-08-24 11:19:32 -0500
Rosemarie,Carroll,nico@ohara.com,291-933-2543,2016-08-24 11:19:32 -0500
Mitchell,Haley,gregorio_gislason@boehm.co,1-489-642-9055 x606,2016-08-24 11:19:32 -0500
Kailyn,Hane,sarina@altenwerth.biz,(953) 469-3051 x3138,2016-08-24 11:19:32 -0500
Adriel,White,nyasia@greenfelder.io,488-282-8422,2016-08-24 11:19:32 -0500
Brandon,Senger,paris@rohan.net,(711) 188-9607 x5553,2016-08-24 11:19:32 -0500
Amalia,Zboncak,dejon@wilkinsonhammes.org,846.256.2877 x03276,2016-08-24 11:19:32 -0500
Caesar,Thiel,johnathan_schroeder@wiegand.io,1-755-302-2567,2016-08-24 11:19:32 -0500
Mallory,Bechtelar,brendan.roob@ankunding.info,256-582-4395 x1417,2016-08-24 11:19:32 -0500
Zion,Torphy,isidro.stehr@wilderman.io,1-514-373-5977 x9146,2016-08-24 11:19:32 -0500
Desiree,Mosciski,dereck@hagenetark.info,671-290-9984 x5358,2016-08-24 11:19:32 -0500
Evan,Lubowitz,angela@swift.net,(181) 435-8433,2016-08-24 11:19:32 -0500
Lyda,Spinka,lesly@lind.name,237.585.5708,2016-08-24 11:19:32 -0500
Nathen,Klocko,amiya@borer.co,988-376-1546,2016-08-24 11:19:32 -0500
Tevin,Abernathy,saige@bechtelar.info,(820) 072-7821 x1859,2016-08-24 11:19:32 -0500
Glen,Marks,noemy@champlinkshlerin.net,(826) 086-8620,2016-08-24 11:19:32 -0500
Carmella,Gislason,leie@corkery.net,(436) 636-0925,2016-08-24 11:19:32 -0500
Angelica,D'Amore,stacy_wiza@baileyweinat.org,1-835-377-5409 x4384,2016-08-24 11:19:32 -0500
Althea,McLaughlin,fabiola@fadelkrajcik.com,474.356.1741 x1726,2016-08-24 11:19:32 -0500
Simeon,O'Hara,ulices@kunde.io,819-891-4019,2016-08-24 11:19:32 -0500
Hettie,Purdy,gilberto@bednar.org,713-654-6585,2016-08-24 11:19:32 -0500
Brain,Schmeler,joana@sipes.io,(718) 817-0754,2016-08-24 11:19:32 -0500
Devyn,Schneider,nichole.white@jacobikilback.net,452-572-4298,2016-08-24 11:19:32 -0500
Augustus,Greenholt,esperanza.mcglynn@reynolds.info,799.533.2254 x76931,2016-08-24 11:19:32 -0500
Alexandre,Fay,abel@fisherkrajcik.io,1-605-453-0980 x64853,2016-08-24 11:19:32 -0500
Pierce,Hills,mina@tillman.io,1-365-946-2898,2016-08-24 11:19:32 -0500
Christina,Rolfson,wilton@abbott.org,680-772-6947 x6025,2016-08-24 11:19:32 -0500
Mavis,Effertz,jaleel.welch@dibbertblanda.io,424.743.4076 x443,2016-08-24 11:19:32 -0500
Margie,Roob,giovanni@blandastreich.com,1-414-817-1167 x370,2016-08-24 11:19:32 -0500
Maximus,Bogisich,betty_hane@lesch.info,(309) 315-7564,2016-08-24 11:19:32 -0500
Margarette,Wilderman,fabian@heidenreich.name,607.192.2215 x4053,2016-08-24 11:19:32 -0500
Lyda,Hegmann,emie_mcdermott@zboncak.co,307-497-5475 x74147,2016-08-24 11:19:32 -0500
Clair,Gusikowski,frida_jaskolski@hamillweimann.info,190-497-8738 x30794,2016-08-24 11:19:32 -0500
Garnett,Harber,fernando@gerholdkling.io,1-733-650-6940,2016-08-24 11:19:32 -0500
Jadyn,Hermann,felix@abshirelowe.info,639.791.0160,2016-08-24 11:19:32 -0500
Terence,Cremin,delbert@turcotte.io,970.210.8704 x4053,2016-08-24 11:19:32 -0500
Doyle,Schowalter,bernadine@johnsturner.io,(536) 801-3716 x176,2016-08-24 11:19:32 -0500
Frances,Hegmann,bruce@white.io,192.680.9619 x862,2016-08-24 11:19:32 -0500
Joelle,Doyle,abigale_hickle@casperkreiger.org,1-504-696-1547 x205,2016-08-24 11:19:32 -0500
Sedrick,Schuppe,christa@spencer.net,1-551-247-6195,2016-08-24 11:19:32 -0500
Alan,Torp,providenci_oreilly@kirlin.name,(294) 410-8101,2016-08-24 11:19:32 -0500
Timmothy,Homenick,johnathon@jacobs.io,844.649.0589,2016-08-24 11:19:32 -0500
Marshall,Balistreri,guiseppe@lakindouglas.name,(662) 130-7360,2016-08-24 11:19:32 -0500
Antonina,Rosenbaum,jarred@bergnaum.org,258.480.7886,2016-08-24 11:19:32 -0500
Pearl,Jacobson,jane@tremblay.org,1-264-889-9032 x394,2016-08-24 11:19:32 -0500
Everette,Legros,glenda_quitzon@bins.name,619-794-7977 x991,2016-08-24 11:19:32 -0500
Casper,Luettgen,beie_kunde@heathcote.net,1-402-266-9679 x06456,2016-08-24 11:19:32 -0500
Mathias,Lubowitz,arianna@wisozk.co,1-139-345-7231,2016-08-24 11:19:32 -0500
Summer,Gutkowski,otho_prosacco@murray.org,1-403-570-9460,2016-08-24 11:19:32 -0500
Isom,Leffler,damian.beer@schmidt.net,663-676-4246 x5925,2016-08-24 11:19:32 -0500
Savanna,Bechtelar,mark.macejkovic@dickenspowlowski.com,336.564.1149,2016-08-24 11:19:32 -0500
Mohammed,Vandervort,alicia@lockman.co,889.276.5766,2016-08-24 11:19:32 -0500
Garfield,Bogan,tiffany_jones@blandakreiger.biz,260.539.4194 x6986,2016-08-24 11:19:32 -0500
Grayson,Rempel,guadalupe@reingerritchie.biz,(507) 345-5907 x44183,2016-08-24 11:19:32 -0500
Agustina,Luettgen,clara@pouromith.io,688.992.5924 x9590,2016-08-24 11:19:32 -0500
Maegan,Ferry,albertha_cruickshank@schuster.com,666.364.1079 x28105,2016-08-24 11:19:32 -0500
Name,Fahey,laisha@gutkowskirunolfsdottir.com,583.567.2470,2016-08-24 11:19:32 -0500
Dalton,Rohan,karen@gislason.net,(928) 616-5924 x99527,2016-08-24 11:19:32 -0500
Corrine,Labadie,rosalinda.bahringer@framigrimes.name,1-380-521-4942,2016-08-24 11:19:32 -0500
Demarcus,Ruecker,daphney.muller@wunsch.com,961-361-9446,2016-08-24 11:19:32 -0500
Kaylee,Hoppe,ramiro_dietrich@douglaslabadie.com,404-507-8619,2016-08-24 11:19:32 -0500
Jolie,Rosenbaum,mack@sanfordreynolds.biz,(134) 254-9911,2016-08-24 11:19:32 -0500
Alexie,Klein,kayli.connelly@schaden.org,(451) 589-9384 x420,2016-08-24 11:19:32 -0500
Watson,Beier,lionel@hackett.net,1-143-779-7512 x28515,2016-08-24 11:19:32 -0500
Cassandre,Gerlach,ken_wiza@boscoauer.com,498-708-2544,2016-08-24 11:19:32 -0500
Isac,Legros,ed@kulaslittle.name,(439) 857-9037,2016-08-24 11:19:32 -0500
Gerry,Harvey,nettie@turcotte.biz,(337) 391-2560 x95184,2016-08-24 11:19:32 -0500
Chase,Towne,ali_spinka@lakin.com,919-451-0023 x30464,2016-08-24 11:19:32 -0500
Emmett,Ledner,nicolette_stokes@lemke.io,1-810-059-3486,2016-08-24 11:19:32 -0500
Lisette,VonRueden,ted.bayer@doylekautzer.com,1-914-988-0296,2016-08-24 11:19:32 -0500
Stephania,Harber,milo@mcculloughskiles.io,291-866-7441 x4503,2016-08-24 11:19:32 -0500
Tina,Goodwin,marilie_mcclure@stoltenberg.net,1-291-234-7879 x58993,2016-08-24 11:19:32 -0500
Robin,Swaniawski,madge@ankunding.org,(464) 269-2487 x195,2016-08-24 11:19:32 -0500
Brandt,Zboncak,wendell.mcdermott@brakus.info,212.574.7812 x32945,2016-08-24 11:19:32 -0500
Sandra,Langworth,cloyd.torphy@beer.org,457.655.2176,2016-08-24 11:19:32 -0500
Rory,Feeney,laverne@wisozk.com,1-799-457-5523 x88912,2016-08-24 11:19:32 -0500
Vickie,Funk,rosalia@schumm.name,172.850.2066 x23821,2016-08-24 11:19:32 -0500
Millie,Streich,boris_strosin@toy.io,(942) 755-8690,2016-08-24 11:19:32 -0500
Alf,Roberts,jayson@oberbrunner.io,(773) 796-1863 x2655,2016-08-24 11:19:32 -0500
Terence,Kutch,nathan@king.net,1-635-946-1767,2016-08-24 11:19:32 -0500
Ruth,Metz,lavonne.metz@bradtke.co,242.593.1998,2016-08-24 11:19:32 -0500
Fae,Hintz,arvid@moriette.co,(654) 604-8295 x40350,2016-08-24 11:19:32 -0500
Rahul,Heidenreich,ima_kshlerin@hamillmclaughlin.info,667.371.6787 x840,2016-08-24 11:19:32 -0500
Ena,Koelpin,jeica_white@wyman.info,1-728-041-9119,2016-08-24 11:19:32 -0500
Cayla,Kirlin,asha_corkery@buckridge.name,1-885-976-6230,2016-08-24 11:19:32 -0500
Paul,Will,abraham.barrows@heaneydamore.com,247-993-9742 x06982,2016-08-24 11:19:32 -0500
Krista,Harvey,fern.hermiston@runolfonchamplin.info,1-656-895-1905,2016-08-24 11:19:32 -0500
Sonya,Parisian,everardo@aufderhar.co,387-974-6971 x488,2016-08-24 11:19:32 -0500
Carissa,Langworth,ebony@heidenreich.net,1-299-231-1662,2016-08-24 11:19:32 -0500
Arthur,Bauch,darwin.monahan@murray.info,518-636-3357,2016-08-24 11:19:32 -0500
Janet,Rath,reinhold@leannon.co,225.669.5957 x455,2016-08-24 11:19:32 -0500
Kamren,Towne,liliane_zemlak@bradtkepacocha.co,515.322.2926,2016-08-24 11:19:32 -0500
Annette,Rolfson,sterling_bogisich@greenholt.info,1-347-949-4450 x095,2016-08-24 11:19:32 -0500
Patricia,Jast,bridgette_lynch@smithwalsh.info,(211) 749-8632,2016-08-24 11:19:32 -0500
Shaylee,Braun,chester_kuhlman@shields.io,379.073.6812,2016-08-24 11:19:32 -0500
Kristy,Steuber,anthony_reinger@renner.com,1-336-500-6870,2016-08-24 11:19:32 -0500
Darren,Howe,jaydon.schuppe@windler.org,754-931-5645 x66365,2016-08-24 11:19:32 -0500
Napoleon,Pollich,ruthie_towne@abshiremaggio.co,694-238-6851,2016-08-24 11:19:32 -0500
Yoshiko,Dietrich,audrey_sauer@kohler.io,306.590.6730,2016-08-24 11:19:32 -0500
Carlie,Lynch,pierre@hudson.co,(268) 225-2207,2016-08-24 11:19:32 -0500
Rupert,McDermott,eva_dibbert@goyette.io,994.143.0136,2016-08-24 11:19:32 -0500
Rashawn,Krajcik,haie_kerluke@trompbecker.net,(187) 088-6094 x0016,2016-08-24 11:19:32 -0500
Dereck,Harvey,aleia.weinat@brekkewaelchi.net,209-253-1407,2016-08-24 11:19:32 -0500
Chad,Collins,reed@hickle.co,278.323.0401 x101,2016-08-24 11:19:32 -0500
Simeon,Mann,kattie_dubuque@cruickshankabernathy.net,569.185.7150 x92408,2016-08-24 11:19:32 -0500
Magdalen,Reichel,erika@moenhuel.org,(489) 637-1200 x8423,2016-08-24 11:19:32 -0500
Claudia,Greenholt,dalton@schroeder.info,1-543-842-1466 x2165,2016-08-24 11:19:32 -0500
Jaren,Bahringer,maynard.okeefe@vonrunolfsdottir.org,617.146.0375,2016-08-24 11:19:32 -0500
Anissa,Grady,dedric_flatley@turner.info,1-518-282-6407,2016-08-24 11:19:32 -0500
Junius,Parisian,lydia_wilkinson@beahan.io,(115) 487-4832 x6070,2016-08-24 11:19:32 -0500
Magdalen,Casper,milo@emardschmidt.org,642.130.9004 x99050,2016-08-24 11:19:32 -0500
Wilhelmine,Mohr,laney@reinger.name,(254) 349-6877 x6035,2016-08-24 11:19:32 -0500
Johann,Mayer,lyda@powlowski.com,727-791-0165,2016-08-24 11:19:32 -0500
Lillian,Romaguera,lourdes_leffler@huels.biz,1-514-669-8634 x88020,2016-08-24 11:19:32 -0500
Sabina,Larson,francisca@olson.co,781-599-2378,2016-08-24 11:19:32 -0500
Orval,Reilly,helga_kris@west.name,1-952-124-6329 x854,2016-08-24 11:19:32 -0500
Josephine,Fritsch,alanis@goyette.net,470.758.5262,2016-08-24 11:19:32 -0500
Emmet,Howell,natasha@larkin.com,(630) 894-7480,2016-08-24 11:19:32 -0500
Consuelo,Harber,geovany@wuckert.io,(690) 096-2234 x11582,2016-08-24 11:19:32 -0500
Susan,Dietrich,tracey@oconnerjenkins.net,284-508-0956 x64247,2016-08-24 11:19:32 -0500
Pierce,Dach,columbus_bergnaum@wuckertmueller.com,(844) 580-8701 x52925,2016-08-24 11:19:32 -0500
Margie,Larkin,mariela@cronin.org,972-619-6278,2016-08-24 11:19:32 -0500
Lenna,Homenick,royce@kunde.name,1-851-345-3419 x555,2016-08-24 11:19:32 -0500
Rudolph,Schmitt,efren@kuphal.biz,1-981-035-5279 x001,2016-08-24 11:19:32 -0500
Uriah,Murphy,bernardo.lynch@mckenzie.co,812-745-6203,2016-08-24 11:19:32 -0500
Janelle,Cronin,destiny_thiel@armstrong.name,785.361.9972 x75588,2016-08-24 11:19:32 -0500
Annetta,Block,laron_muller@stiedemannmaggio.info,(751) 550-0280 x430,2016-08-24 11:19:32 -0500
Esteban,Carter,cornell@bergeschumm.net,630-755-5149,2016-08-24 11:19:32 -0500
Deontae,Borer,nettie_schinner@rutherford.name,144-047-7717 x7311,2016-08-24 11:19:32 -0500
Katharina,Nikolaus,beau_keeling@bogisich.co,330-275-5964,2016-08-24 11:19:32 -0500
Jerome,Prohaska,eileen.moriette@kilback.biz,915.774.6303 x57375,2016-08-24 11:19:32 -0500
Jazmyne,Runte,marcelina.grady@nader.name,602.752.3690,2016-08-24 11:19:32 -0500
Turner,Abbott,brayan_veum@okunevakub.net,652.314.4041,2016-08-24 11:19:32 -0500
Frieda,Hermiston,adrien@reingerfeest.com,849-103-8721,2016-08-24 11:19:32 -0500
Jean,Runolfsson,chester_mcglynn@will.net,321.139.1355 x345,2016-08-24 11:19:32 -0500
Marley,Berge,jarred@corkery.co,545-294-8079 x5899,2016-08-24 11:19:32 -0500
Alexandria,Schinner,dock.pfannerstill@herzog.org,101.404.1915,2016-08-24 11:19:32 -0500
Asha,Pfannerstill,aleandro@bednar.com,1-336-836-1265 x851,2016-08-24 11:19:32 -0500
Jordi,MacGyver,jerrold@ullrich.com,(445) 753-4313,2016-08-24 11:19:32 -0500
Hilton,Kovacek,diamond@rowelang.info,312.964.5043 x671,2016-08-24 11:19:32 -0500
Bart,Wiegand,darrell@langworth.biz,1-104-027-2916,2016-08-24 11:19:32 -0500
Bertram,Botsford,abigale_marvin@moore.com,1-971-038-1064 x99147,2016-08-24 11:19:32 -0500
Mandy,Murray,bailey@schuppe.biz,1-413-765-6448 x411,2016-08-24 11:19:32 -0500
Abelardo,Turner,sherman@gleason.co,480.384.3368,2016-08-24 11:19:32 -0500
Barrett,Barton,ignacio.denesik@smithankunding.com,(467) 856-8069,2016-08-24 11:19:32 -0500
Barney,Adams,celine_kuhic@howellmoore.net,959.705.5289,2016-08-24 11:19:32 -0500
Anderson,Auer,frank@little.com,923-308-7978 x915,2016-08-24 11:19:32 -0500
Christophe,Aufderhar,branson.prosacco@carter.biz,1-920-700-6576 x839,2016-08-24 11:19:32 -0500
Nicola,Cruickshank,alexandra@fritschkiehn.co,(706) 339-5494 x5796,2016-08-24 11:19:32 -0500
Annette,Wyman,antone.dietrich@kovacek.com,(290) 394-7179 x130,2016-08-24 11:19:32 -0500
Grant,Rosenbaum,antonio@doyle.com,(620) 197-7079 x708,2016-08-24 11:19:32 -0500
Cade,Hermann,lazaro_okuneva@hills.info,1-882-995-1097 x18608,2016-08-24 11:19:32 -0500
Maida,Ledner,willy@wisoky.io,109-442-5039 x34413,2016-08-24 11:19:32 -0500
Dell,Harris,carli@parisian.net,1-272-273-4642,2016-08-24 11:19:32 -0500
Stephen,Carter,edyth_weimann@kleingaylord.info,(164) 204-5938,2016-08-24 11:19:32 -0500
Tito,Smith,jeramie@ondrickarau.name,(271) 248-5061,2016-08-24 11:19:32 -0500
Lily,Denesik,josianne_sipes@wizaschuppe.org,(806) 774-1016 x9390,2016-08-24 11:19:32 -0500
Chanel,Kassulke,tony_mante@bechtelarmosciski.name,1-781-207-0078,2016-08-24 11:19:32 -0500
Josefina,Bergnaum,asia.swift@dickenchuppe.info,624-955-4000 x65990,2016-08-24 11:19:32 -0500
Omari,Rogahn,marcos@sawayn.org,(785) 700-4521 x20560,2016-08-24 11:19:32 -0500
Alisa,Feeney,chyna_mccullough@jakubowski.org,580.869.9862 x286,2016-08-24 11:19:32 -0500
Erica,Hamill,jamaal_batz@carter.name,242-180-4729 x72922,2016-08-24 11:19:32 -0500
Pasquale,Cormier,gerardo.graham@batz.co,1-276-245-6981 x39786,2016-08-24 11:19:32 -0500
Karen,Boyle,hildegard.hintz@creminwhite.org,319-302-3064 x6150,2016-08-24 11:19:32 -0500
Nyasia,Ruecker,nikki@damore.name,(144) 210-9270 x9198,2016-08-24 11:19:32 -0500
Kailyn,Keebler,mittie@tremblay.co,614-556-8812 x442,2016-08-24 11:19:32 -0500
Emmett,Bosco,rhianna.dach@gleichnerrenner.biz,315-283-6629 x118,2016-08-24 11:19:32 -0500
Graham,Reichel,lorenza_quitzon@johnston.info,1-936-152-3498,2016-08-24 11:19:32 -0500
Gerson,Huels,marshall_schowalter@kuphal.org,451-529-7332 x815,2016-08-24 11:19:32 -0500
Phoebe,Vandervort,maxwell.olson@millsbatz.org,1-445-243-7763,2016-08-24 11:19:32 -0500
Yazmin,Schuster,royal.stamm@herman.name,1-480-848-9661 x47938,2016-08-24 11:19:32 -0500
Kara,Hartmann,blanche_mccullough@nitzschemoore.co,590.895.7791 x0223,2016-08-24 11:19:32 -0500
Lemuel,Eichmann,jasper.medhurst@goldnerquitzon.io,693-505-9539,2016-08-24 11:19:32 -0500
Ernie,Kilback,haie@prosaccokulas.biz,520.242.5676 x626,2016-08-24 11:19:32 -0500
Shane,Hirthe,florida.murazik@emmerichokeefe.name,106-859-0873,2016-08-24 11:19:32 -0500
Nelson,Harber,abdullah.lynch@kunze.org,619.950.0236 x399,2016-08-24 11:19:32 -0500
Raphael,Ferry,cullen.swaniawski@gorczany.org,190-041-4050 x09485,2016-08-24 11:19:32 -0500
Santiago,Ruecker,rozella_larkin@koepp.org,(992) 002-6929 x768,2016-08-24 11:19:32 -0500
Rae,Sawayn,muhammad.ledner@effertz.com,1-724-550-9606,2016-08-24 11:19:32 -0500
Dakota,Grant,raymundo@sengerkihn.net,976.367.7976,2016-08-24 11:19:32 -0500
Colton,Koss,lila@kshlerin.biz,1-526-325-8388 x590,2016-08-24 11:19:32 -0500
Maud,Rempel,vernon.bode@parisiancummerata.com,(406) 524-0872 x39174,2016-08-24 11:19:32 -0500
Maddison,Bahringer,hiram@boganhauck.biz,(123) 556-5648 x158,2016-08-24 11:19:32 -0500
Aron,Hirthe,amya.nikolaus@stoltenbergkoch.io,1-839-135-0368 x282,2016-08-24 11:19:32 -0500
Daniella,Schaefer,skye@grimes.io,410-934-7928,2016-08-24 11:19:32 -0500
Vincenza,Reichel,alejandra@hoppe.info,1-143-964-8854 x639,2016-08-24 11:19:32 -0500
Josue,Lebsack,kaylie.hagenes@abbott.io,264-993-3285 x42234,2016-08-24 11:19:32 -0500
Lazaro,Howe,caidy.bernhard@bosco.com,1-120-987-4945 x4743,2016-08-24 11:19:32 -0500
Darien,Walter,pink_lang@klockobruen.biz,685-920-9588 x2147,2016-08-24 11:19:32 -0500
Daryl,Labadie,kieran_hane@damore.info,691.426.4156,2016-08-24 11:19:32 -0500
Santiago,Steuber,rowan@leschhansen.name,(109) 626-6620 x06847,2016-08-24 11:19:32 -0500
Orval,Bosco,bridie@paucektillman.com,(145) 397-4788,2016-08-24 11:19:32 -0500
Braxton,Steuber,hans@murray.co,283-018-4485 x369,2016-08-24 11:19:32 -0500
Maryam,Kovacek,rocio@mcclure.biz,996.254.7302,2016-08-24 11:19:32 -0500
Shanny,Hodkiewicz,mose@schmeler.co,(301) 597-3030 x869,2016-08-24 11:19:32 -0500
Cecelia,Bergstrom,makenzie.howe@homenickklein.io,(245) 946-8191 x3804,2016-08-24 11:19:32 -0500
Addison,Becker,damian@hintz.name,473-926-9526 x466,2016-08-24 11:19:32 -0500
Silas,Mitchell,sofia@swift.name,508.234.1181 x697,2016-08-24 11:19:32 -0500
Vergie,Dicki,alyce.kunde@johnston.co,311.351.5218 x00219,2016-08-24 11:19:32 -0500
Freeman,Carter,enos@wolf.com,783.771.3763 x842,2016-08-24 11:19:32 -0500
Alessandra,Jacobson,elouise_carter@goldner.biz,1-904-814-1285 x065,2016-08-24 11:19:32 -0500
Rosemarie,Carroll,nico@ohara.com,291-933-2543,2016-08-24 11:19:32 -0500
Mitchell,Haley,gregorio_gislason@boehm.co,1-489-642-9055 x606,2016-08-24 11:19:32 -0500
Kailyn,Hane,sarina@altenwerth.biz,(953) 469-3051 x3138,2016-08-24 11:19:32 -0500
Adriel,White,nyasia@greenfelder.io,488-282-8422,2016-08-24 11:19:32 -0500
Brandon,Senger,paris@rohan.net,(711) 188-9607 x5553,2016-08-24 11:19:32 -0500
Amalia,Zboncak,dejon@wilkinsonhammes.org,846.256.2877 x03276,2016-08-24 11:19:32 -0500
Caesar,Thiel,johnathan_schroeder@wiegand.io,1-755-302-2567,2016-08-24 11:19:32 -0500
Mallory,Bechtelar,brendan.roob@ankunding.info,256-582-4395 x1417,2016-08-24 11:19:32 -0500
Zion,Torphy,isidro.stehr@wilderman.io,1-514-373-5977 x9146,2016-08-24 11:19:32 -0500
Desiree,Mosciski,dereck@hagenetark.info,671-290-9984 x5358,2016-08-24 11:19:32 -0500
Evan,Lubowitz,angela@swift.net,(181) 435-8433,2016-08-24 11:19:32 -0500
Lyda,Spinka,lesly@lind.name,237.585.5708,2016-08-24 11:19:32 -0500
Nathen,Klocko,amiya@borer.co,988-376-1546,2016-08-24 11:19:32 -0500
Tevin,Abernathy,saige@bechtelar.info,(820) 072-7821 x1859,2016-08-24 11:19:32 -0500
Glen,Marks,noemy@champlinkshlerin.net,(826) 086-8620,2016-08-24 11:19:32 -0500
Carmella,Gislason,leie@corkery.net,(436) 636-0925,2016-08-24 11:19:32 -0500
Angelica,D'Amore,stacy_wiza@baileyweinat.org,1-835-377-5409 x4384,2016-08-24 11:19:32 -0500
Althea,McLaughlin,fabiola@fadelkrajcik.com,474.356.1741 x1726,2016-08-24 11:19:32 -0500
Simeon,O'Hara,ulices@kunde.io,819-891-4019,2016-08-24 11:19:32 -0500
Hettie,Purdy,gilberto@bednar.org,713-654-6585,2016-08-24 11:19:32 -0500
Brain,Schmeler,joana@sipes.io,(718) 817-0754,2016-08-24 11:19:32 -0500
Devyn,Schneider,nichole.white@jacobikilback.net,452-572-4298,2016-08-24 11:19:32 -0500
Augustus,Greenholt,esperanza.mcglynn@reynolds.info,799.533.2254 x76931,2016-08-24 11:19:32 -0500
Alexandre,Fay,abel@fisherkrajcik.io,1-605-453-0980 x64853,2016-08-24 11:19:32 -0500
Pierce,Hills,mina@tillman.io,1-365-946-2898,2016-08-24 11:19:32 -0500
Christina,Rolfson,wilton@abbott.org,680-772-6947 x6025,2016-08-24 11:19:32 -0500
Mavis,Effertz,jaleel.welch@dibbertblanda.io,424.743.4076 x443,2016-08-24 11:19:32 -0500
Margie,Roob,giovanni@blandastreich.com,1-414-817-1167 x370,2016-08-24 11:19:32 -0500
Maximus,Bogisich,betty_hane@lesch.info,(309) 315-7564,2016-08-24 11:19:32 -0500
Margarette,Wilderman,fabian@heidenreich.name,607.192.2215 x4053,2016-08-24 11:19:32 -0500
Lyda,Hegmann,emie_mcdermott@zboncak.co,307-497-5475 x74147,2016-08-24 11:19:32 -0500
Clair,Gusikowski,frida_jaskolski@hamillweimann.info,190-497-8738 x30794,2016-08-24 11:19:32 -0500
Garnett,Harber,fernando@gerholdkling.io,1-733-650-6940,2016-08-24 11:19:32 -0500
Jadyn,Hermann,felix@abshirelowe.info,639.791.0160,2016-08-24 11:19:32 -0500
Terence,Cremin,delbert@turcotte.io,970.210.8704 x4053,2016-08-24 11:19:32 -0500
Doyle,Schowalter,bernadine@johnsturner.io,(536) 801-3716 x176,2016-08-24 11:19:32 -0500
Frances,Hegmann,bruce@white.io,192.680.9619 x862,2016-08-24 11:19:32 -0500
Joelle,Doyle,abigale_hickle@casperkreiger.org,1-504-696-1547 x205,2016-08-24 11:19:32 -0500
Sedrick,Schuppe,christa@spencer.net,1-551-247-6195,2016-08-24 11:19:32 -0500
Alan,Torp,providenci_oreilly@kirlin.name,(294) 410-8101,2016-08-24 11:19:32 -0500
Timmothy,Homenick,johnathon@jacobs.io,844.649.0589,2016-08-24 11:19:32 -0500
Marshall,Balistreri,guiseppe@lakindouglas.name,(662) 130-7360,2016-08-24 11:19:32 -0500
Antonina,Rosenbaum,jarred@bergnaum.org,258.480.7886,2016-08-24 11:19:32 -0500
Pearl,Jacobson,jane@tremblay.org,1-264-889-9032 x394,2016-08-24 11:19:32 -0500
Everette,Legros,glenda_quitzon@bins.name,619-794-7977 x991,2016-08-24 11:19:32 -0500
Casper,Luettgen,beie_kunde@heathcote.net,1-402-266-9679 x06456,2016-08-24 11:19:32 -0500
Mathias,Lubowitz,arianna@wisozk.co,1-139-345-7231,2016-08-24 11:19:32 -0500
Summer,Gutkowski,otho_prosacco@murray.org,1-403-570-9460,2016-08-24 11:19:32 -0500
Isom,Leffler,damian.beer@schmidt.net,663-676-4246 x5925,2016-08-24 11:19:32 -0500
Savanna,Bechtelar,mark.macejkovic@dickenspowlowski.com,336.564.1149,2016-08-24 11:19:32 -0500
Mohammed,Vandervort,alicia@lockman.co,889.276.5766,2016-08-24 11:19:32 -0500
Garfield,Bogan,tiffany_jones@blandakreiger.biz,260.539.4194 x6986,2016-08-24 11:19:32 -0500
Grayson,Rempel,guadalupe@reingerritchie.biz,(507) 345-5907 x44183,2016-08-24 11:19:32 -0500
